"x","y"
"0","'-10.849"
"0.004","'-6.8493"
"0.008","'-18.849"
"0.012","'-28.849"
"0.016","'-28.849"
"0.02","'-30.849"
"0.024","'-54.849"
"0.028","'-34.849"
"0.032","'-32.849"
"0.036","'-36.849"
"0.04","'-60.849"
"0.044","'-26.849"
"0.048","'-10.849"
"0.052","'-12.849"
"0.056","'-22.849"
"0.06","'-24.849"
"0.064","'-28.849"
"0.068","'-14.849"
"0.072","'-4.8493"
"0.076","'-2.8493"
"0.08","'-0.8493"
"0.084","'-8.8493"
"0.088","'-20.849"
"0.092","'-26.849"
"0.096","'-12.849"
"0.1","3.1507"
"0.104","25.151"
"0.108","125.15"
"0.112","275.15"
"0.116","455.15"
"0.12","577.15"
"0.124","709.15"
"0.128","773.15"
"0.132","665.15"
"0.136","283.15"
"0.14","'-56.849"
"0.144","'-270.85"
"0.148","'-408.85"
"0.152","'-334.85"
"0.156","'-264.85"
"0.16","'-186.85"
"0.164","'-152.85"
"0.168","'-124.85"
"0.172","'-136.85"
"0.176","'-114.85"
"0.18","'-110.85"
"0.184","'-100.85"
"0.188","'-94.849"
"0.192","'-112.85"
"0.196","'-88.849"
"0.2","'-74.849"
"0.204","'-56.849"
"0.208","'-62.849"
"0.212","'-68.849"
"0.216","'-70.849"
"0.22","'-66.849"
"0.224","'-62.849"
"0.228","'-44.849"
"0.232","'-54.849"
"0.236","'-48.849"
"0.24","'-10.849"
"0.244","'-36.849"
"0.248","'-18.849"
"0.252","'-10.849"
"0.256","'-28.849"
"0.26","'-14.849"
"0.264","'-12.849"
"0.268","'-8.8493"
"0.272","'-8.8493"
"0.276","3.1507"
"0.28","'-12.849"
"0.284","7.1507"
"0.288","1.1507"
"0.292","1.1507"
"0.296","25.151"
"0.3","5.1507"
"0.304","13.151"
"0.308","23.151"
"0.312","'-0.8493"
"0.316","7.1507"
"0.32","23.151"
"0.324","45.151"
"0.328","37.151"
"0.332","51.151"
"0.336","39.151"
"0.34","43.151"
"0.344","53.151"
"0.348","35.151"
"0.352","47.151"
"0.356","55.151"
"0.36","71.151"
"0.364","49.151"
"0.368","47.151"
"0.372","49.151"
"0.376","57.151"
"0.38","51.151"
"0.384","61.151"
"0.388","43.151"
"0.392","29.151"
"0.396","39.151"
"0.4","39.151"
"0.404","37.151"
"0.408","23.151"
"0.412","7.1507"
"0.416","55.151"
"0.42","25.151"
"0.424","15.151"
"0.428","'-8.8493"
"0.432","'-38.849"
"0.436","'-28.849"
"0.44","'-56.849"
"0.444","'-58.849"
"0.448","'-66.849"
"0.452","'-82.849"
"0.456","'-76.849"
"0.46","'-96.849"
"0.464","'-36.849"
"0.468","'-102.85"
"0.472","'-96.849"
"0.476","'-80.849"
"0.48","'-72.849"
"0.484","'-62.849"
"0.488","'-70.849"
"0.492","'-48.849"
"0.496","'-56.849"
"0.5","'-38.849"
"0.504","'-70.849"
"0.508","'-44.849"
"0.512","'-28.849"
"0.516","'-32.849"
"0.52","'-40.849"
"0.524","'-28.849"
"0.528","'-24.849"
"0.532","'-24.849"
"0.536","'-18.849"
"0.54","'-34.849"
"0.544","'-10.849"
"0.548","'-42.849"
"0.552","'-30.849"
"0.556","'-22.849"
"0.56","'-16.849"
"0.564","'-24.849"
"0.568","'-16.849"
"0.572","13.151"
"0.576","11.151"
"0.58","'-16.849"
"0.584","'-6.8493"
"0.588","'-14.849"
"0.592","'-18.849"
"0.596","'-40.849"
"0.6","'-38.849"
"0.604","'-12.849"
"0.608","'-24.849"
"0.612","'-30.849"
"0.616","'-24.849"
"0.62","'-4.8493"
"0.624","'-10.849"
"0.628","'-16.849"
"0.632","'-22.849"
"0.636","'-24.849"
"0.64","'-18.849"
"0.644","3.1507"
"0.648","'-14.849"
"0.652","3.1507"
"0.656","'-10.849"
"0.66","'-6.8493"
"0.664","'-14.849"
"0.668","9.1507"
"0.672","19.151"
"0.676","15.151"
"0.68","27.151"
"0.684","31.151"
"0.688","35.151"
"0.692","25.151"
"0.696","33.151"
"0.7","51.151"
"0.704","49.151"
"0.708","41.151"
"0.712","17.151"
"0.716","'-0.8493"
"0.72","'-8.8493"
"0.724","'-32.849"
"0.728","'-6.8493"
"0.732","'-20.849"
"0.736","'-4.8493"
"0.74","'-36.849"
"0.744","'-40.849"
"0.748","'-22.849"
"0.752","'-18.849"
"0.756","'-40.849"
"0.76","'-52.849"
"0.764","'-48.849"
"0.768","'-42.849"
"0.772","'-34.849"
"0.776","'-14.849"
"0.78","'-26.849"
"0.784","'-36.849"
"0.788","'-36.849"
"0.792","'-28.849"
"0.796","'-18.849"
"0.8","'-22.849"
"0.804","'-14.849"
"0.808","'-12.849"
"0.812","'-24.849"
"0.816","'-30.849"
"0.82","'-24.849"
"0.824","'-22.849"
"0.828","'-2.8493"
"0.832","'-6.8493"
"0.836","37.151"
"0.84","189.15"
"0.844","345.15"
"0.848","483.15"
"0.852","625.15"
"0.856","717.15"
"0.86","751.15"
"0.864","549.15"
"0.868","201.15"
"0.872","'-112.85"
"0.876","'-318.85"
"0.88","'-380.85"
"0.884","'-322.85"
"0.888","'-240.85"
"0.892","'-196.85"
"0.896","'-154.85"
"0.9","'-118.85"
"0.904","'-142.85"
"0.908","'-134.85"
"0.912","'-136.85"
"0.916","'-126.85"
"0.92","'-126.85"
"0.924","'-90.849"
"0.928","'-100.85"
"0.932","'-100.85"
"0.936","'-60.849"
"0.94","'-84.849"
"0.944","'-56.849"
"0.948","'-86.849"
"0.952","'-70.849"
"0.956","'-58.849"
"0.96","'-40.849"
"0.964","'-14.849"
"0.968","'-46.849"
"0.972","'-40.849"
"0.976","'-40.849"
"0.98","'-34.849"
"0.984","'-32.849"
"0.988","'-14.849"
"0.992","'-12.849"
"0.996","'-2.8493"
"1","'-6.8493"
"1.004","'-10.849"
"1.008","'-14.849"
"1.012","'-4.8493"
"1.016","'-2.8493"
"1.02","23.151"
"1.024","9.1507"
"1.028","11.151"
"1.032","7.1507"
"1.036","23.151"
"1.04","23.151"
"1.044","31.151"
"1.048","11.151"
"1.052","37.151"
"1.056","31.151"
"1.06","9.1507"
"1.064","33.151"
"1.068","45.151"
"1.072","45.151"
"1.076","67.151"
"1.08","63.151"
"1.084","43.151"
"1.088","55.151"
"1.092","61.151"
"1.096","65.151"
"1.1","69.151"
"1.104","43.151"
"1.108","51.151"
"1.112","39.151"
"1.116","69.151"
"1.12","67.151"
"1.124","59.151"
"1.128","43.151"
"1.132","29.151"
"1.136","31.151"
"1.14","21.151"
"1.144","21.151"
"1.148","'-10.849"
"1.152","13.151"
"1.156","'-30.849"
"1.16","'-24.849"
"1.164","'-24.849"
"1.168","'-38.849"
"1.172","'-44.849"
"1.176","'-66.849"
"1.18","'-78.849"
"1.184","'-84.849"
"1.188","'-82.849"
"1.192","'-68.849"
"1.196","'-94.849"
"1.2","'-72.849"
"1.204","'-80.849"
"1.208","'-66.849"
"1.212","'-56.849"
"1.216","'-76.849"
"1.22","'-48.849"
"1.224","'-62.849"
"1.228","'-44.849"
"1.232","'-56.849"
"1.236","'-28.849"
"1.24","'-42.849"
"1.244","'-44.849"
"1.248","'-24.849"
"1.252","'-40.849"
"1.256","'-32.849"
"1.26","'-20.849"
"1.264","'-10.849"
"1.268","'-28.849"
"1.272","'-10.849"
"1.276","'-24.849"
"1.28","'-26.849"
"1.284","11.151"
"1.288","'-8.8493"
"1.292","'-4.8493"
"1.296","3.1507"
"1.3","'-6.8493"
"1.304","'-34.849"
"1.308","'-24.849"
"1.312","'-10.849"
"1.316","'-10.849"
"1.32","'-12.849"
"1.324","'-18.849"
"1.328","'-28.849"
"1.332","'-26.849"
"1.336","'-4.8493"
"1.34","'-10.849"
"1.344","'-2.8493"
"1.348","'-2.8493"
"1.352","'-8.8493"
"1.356","3.1507"
"1.36","15.151"
"1.364","19.151"
"1.368","11.151"
"1.372","'-2.8493"
"1.376","13.151"
"1.38","55.151"
"1.384","51.151"
"1.388","31.151"
"1.392","31.151"
"1.396","41.151"
"1.4","29.151"
"1.404","25.151"
"1.408","23.151"
"1.412","5.1507"
"1.416","11.151"
"1.42","'-8.8493"
"1.424","'-2.8493"
"1.428","'-22.849"
"1.432","'-14.849"
"1.436","'-46.849"
"1.44","'-40.849"
"1.444","'-42.849"
"1.448","'-48.849"
"1.452","'-48.849"
"1.456","'-28.849"
"1.46","'-30.849"
"1.464","'-18.849"
"1.468","'-30.849"
"1.472","'-30.849"
"1.476","'-22.849"
"1.48","'-34.849"
"1.484","'-28.849"
"1.488","'-42.849"
"1.492","'-36.849"
"1.496","'-28.849"
"1.5","'-6.8493"
"1.504","'-20.849"
"1.508","'-6.8493"
"1.512","'-8.8493"
"1.516","'-0.8493"
"1.52","'-16.849"
"1.524","'-4.8493"
"1.528","37.151"
"1.532","59.151"
"1.536","211.15"
"1.54","367.15"
"1.544","521.15"
"1.548","661.15"
"1.552","767.15"
"1.556","793.15"
"1.56","541.15"
"1.564","177.15"
"1.568","'-124.85"
"1.572","'-336.85"
"1.576","'-382.85"
"1.58","'-324.85"
"1.584","'-230.85"
"1.588","'-196.85"
"1.592","'-172.85"
"1.596","'-166.85"
"1.6","'-148.85"
"1.604","'-124.85"
"1.608","'-134.85"
"1.612","'-124.85"
"1.616","'-118.85"
"1.62","'-108.85"
"1.624","'-104.85"
"1.628","'-64.849"
"1.632","'-88.849"
"1.636","'-84.849"
"1.64","'-70.849"
"1.644","'-54.849"
"1.648","'-62.849"
"1.652","'-56.849"
"1.656","'-46.849"
"1.66","'-38.849"
"1.664","'-28.849"
"1.668","'-40.849"
"1.672","'-38.849"
"1.676","'-20.849"
"1.68","'-36.849"
"1.684","'-8.8493"
"1.688","'-2.8493"
"1.692","'-14.849"
"1.696","'-16.849"
"1.7","'-16.849"
"1.704","'-4.8493"
"1.708","'-0.8493"
"1.712","7.1507"
"1.716","'-10.849"
"1.72","15.151"
"1.724","13.151"
"1.728","9.1507"
"1.732","21.151"
"1.736","27.151"
"1.74","17.151"
"1.744","53.151"
"1.748","35.151"
"1.752","29.151"
"1.756","37.151"
"1.76","27.151"
"1.764","35.151"
"1.768","57.151"
"1.772","49.151"
"1.776","37.151"
"1.78","31.151"
"1.784","33.151"
"1.788","63.151"
"1.792","57.151"
"1.796","41.151"
"1.8","41.151"
"1.804","55.151"
"1.808","25.151"
"1.812","35.151"
"1.816","55.151"
"1.82","61.151"
"1.824","39.151"
"1.828","45.151"
"1.832","17.151"
"1.836","37.151"
"1.84","37.151"
"1.844","'-6.8493"
"1.848","19.151"
"1.852","'-16.849"
"1.856","'-12.849"
"1.86","'-62.849"
"1.864","'-36.849"
"1.868","'-58.849"
"1.872","'-62.849"
"1.876","'-44.849"
"1.88","'-70.849"
"1.884","'-50.849"
"1.888","'-72.849"
"1.892","'-88.849"
"1.896","'-66.849"
"1.9","'-42.849"
"1.904","'-58.849"
"1.908","'-54.849"
"1.912","'-42.849"
"1.916","'-52.849"
"1.92","'-54.849"
"1.924","'-52.849"
"1.928","'-40.849"
"1.932","'-14.849"
"1.936","'-12.849"
"1.94","'-12.849"
"1.944","'-22.849"
"1.948","'-20.849"
"1.952","'-12.849"
"1.956","'-20.849"
"1.96","'-14.849"
"1.964","'-16.849"
"1.968","'-12.849"
"1.972","'-34.849"
"1.976","'-10.849"
"1.98","'-20.849"
"1.984","'-8.8493"
"1.988","1.1507"
"1.992","'-20.849"
"1.996","'-8.8493"
"2","'-26.849"
"2.004","'-12.849"
"2.008","1.1507"
"2.012","'-24.849"
"2.016","'-10.849"
"2.02","'-4.8493"
"2.024","'-6.8493"
"2.028","'-2.8493"
"2.032","'-16.849"
"2.036","'-2.8493"
"2.04","11.151"
"2.044","7.1507"
"2.048","19.151"
"2.052","27.151"
"2.056","35.151"
"2.06","35.151"
"2.064","29.151"
"2.068","31.151"
"2.072","11.151"
"2.076","39.151"
"2.08","19.151"
"2.084","43.151"
"2.088","'-0.8493"
"2.092","3.1507"
"2.096","'-2.8493"
"2.1","'-22.849"
"2.104","'-26.849"
"2.108","'-40.849"
"2.112","'-34.849"
"2.116","'-44.849"
"2.12","'-28.849"
"2.124","'-46.849"
"2.128","'-56.849"
"2.132","'-22.849"
"2.136","'-34.849"
"2.14","'-44.849"
"2.144","'-50.849"
"2.148","'-38.849"
"2.152","'-34.849"
"2.156","'-42.849"
"2.16","'-54.849"
"2.164","'-34.849"
"2.168","'-22.849"
"2.172","'-36.849"
"2.176","'-20.849"
"2.18","'-10.849"
"2.184","'-12.849"
"2.188","1.1507"
"2.192","'-6.8493"
"2.196","'-30.849"
"2.2","'-18.849"
"2.204","'-8.8493"
"2.208","23.151"
"2.212","91.151"
"2.216","255.15"
"2.22","425.15"
"2.224","601.15"
"2.228","695.15"
"2.232","781.15"
"2.236","663.15"
"2.24","355.15"
"2.244","5.1507"
"2.248","'-230.85"
"2.252","'-360.85"
"2.256","'-338.85"
"2.26","'-270.85"
"2.264","'-206.85"
"2.268","'-172.85"
"2.272","'-148.85"
"2.276","'-122.85"
"2.28","'-134.85"
"2.284","'-116.85"
"2.288","'-124.85"
"2.292","'-106.85"
"2.296","'-106.85"
"2.3","'-88.849"
"2.304","'-98.849"
"2.308","'-60.849"
"2.312","'-72.849"
"2.316","'-68.849"
"2.32","'-40.849"
"2.324","'-66.849"
"2.328","'-42.849"
"2.332","'-42.849"
"2.336","'-14.849"
"2.34","'-40.849"
"2.344","'-46.849"
"2.348","'-34.849"
"2.352","'-20.849"
"2.356","'-20.849"
"2.36","'-10.849"
"2.364","'-28.849"
"2.368","'-20.849"
"2.372","1.1507"
"2.376","'-10.849"
"2.38","'-0.8493"
"2.384","'-14.849"
"2.388","'-10.849"
"2.392","17.151"
"2.396","15.151"
"2.4","9.1507"
"2.404","13.151"
"2.408","31.151"
"2.412","'-22.849"
"2.416","13.151"
"2.42","1.1507"
"2.424","19.151"
"2.428","27.151"
"2.432","17.151"
"2.436","25.151"
"2.44","31.151"
"2.444","47.151"
"2.448","33.151"
"2.452","37.151"
"2.456","33.151"
"2.46","15.151"
"2.464","25.151"
"2.468","27.151"
"2.472","39.151"
"2.476","33.151"
"2.48","17.151"
"2.484","25.151"
"2.488","39.151"
"2.492","39.151"
"2.496","33.151"
"2.5","37.151"
"2.504","25.151"
"2.508","29.151"
"2.512","13.151"
"2.516","31.151"
"2.52","11.151"
"2.524","15.151"
"2.528","'-4.8493"
"2.532","'-24.849"
"2.536","'-34.849"
"2.54","'-46.849"
"2.544","'-38.849"
"2.548","'-58.849"
"2.552","'-50.849"
"2.556","'-68.849"
"2.56","'-72.849"
"2.564","'-88.849"
"2.568","'-80.849"
"2.572","'-68.849"
"2.576","'-78.849"
"2.58","'-66.849"
"2.584","'-52.849"
"2.588","'-30.849"
"2.592","'-74.849"
"2.596","'-24.849"
"2.6","'-48.849"
"2.604","'-42.849"
"2.608","'-28.849"
"2.612","'-34.849"
"2.616","'-32.849"
"2.62","'-30.849"
"2.624","'-36.849"
"2.628","'-18.849"
"2.632","5.1507"
"2.636","'-26.849"
"2.64","'-42.849"
"2.644","'-34.849"
"2.648","'-8.8493"
"2.652","'-0.8493"
"2.656","'-20.849"
"2.66","'-34.849"
"2.664","'-4.8493"
"2.668","1.1507"
"2.672","'-8.8493"
"2.676","'-8.8493"
"2.68","'-18.849"
"2.684","'-20.849"
"2.688","'-6.8493"
"2.692","'-20.849"
"2.696","'-10.849"
"2.7","'-18.849"
"2.704","'-14.849"
"2.708","1.1507"
"2.712","'-8.8493"
"2.716","3.1507"
"2.72","3.1507"
"2.724","'-8.8493"
"2.728","'-4.8493"
"2.732","'-4.8493"
"2.736","27.151"
"2.74","29.151"
"2.744","31.151"
"2.748","19.151"
"2.752","33.151"
"2.756","25.151"
"2.76","43.151"
"2.764","39.151"
"2.768","13.151"
"2.772","'-4.8493"
"2.776","15.151"
"2.78","'-6.8493"
"2.784","'-26.849"
"2.788","'-26.849"
"2.792","'-22.849"
"2.796","'-26.849"
"2.8","'-36.849"
"2.804","'-40.849"
"2.808","'-34.849"
"2.812","'-26.849"
"2.816","'-42.849"
"2.82","'-40.849"
"2.824","'-52.849"
"2.828","'-50.849"
"2.832","'-34.849"
"2.836","'-36.849"
"2.84","'-20.849"
"2.844","'-26.849"
"2.848","'-24.849"
"2.852","'-26.849"
"2.856","'-40.849"
"2.86","'-18.849"
"2.864","'-18.849"
"2.868","'-4.8493"
"2.872","15.151"
"2.876","'-28.849"
"2.88","'-28.849"
"2.884","'-10.849"
"2.888","5.1507"
"2.892","13.151"
"2.896","49.151"
"2.9","153.15"
"2.904","315.15"
"2.908","471.15"
"2.912","599.15"
"2.916","735.15"
"2.92","735.15"
"2.924","507.15"
"2.928","147.15"
"2.932","'-148.85"
"2.936","'-336.85"
"2.94","'-374.85"
"2.944","'-332.85"
"2.948","'-234.85"
"2.952","'-164.85"
"2.956","'-136.85"
"2.96","'-124.85"
"2.964","'-132.85"
"2.968","'-136.85"
"2.972","'-100.85"
"2.976","'-106.85"
"2.98","'-102.85"
"2.984","'-88.849"
"2.988","'-100.85"
"2.992","'-74.849"
"2.996","'-62.849"
"3","'-50.849"
"3.004","'-66.849"
"3.008","'-36.849"
"3.012","'-50.849"
"3.016","'-46.849"
"3.02","'-42.849"
"3.024","'-30.849"
"3.028","'-8.8493"
"3.032","'-12.849"
"3.036","'-22.849"
"3.04","'-24.849"
"3.044","'-6.8493"
"3.048","1.1507"
"3.052","'-4.8493"
"3.056","'-8.8493"
"3.06","'-10.849"
"3.064","'-12.849"
"3.068","23.151"
"3.072","23.151"
"3.076","15.151"
"3.08","'-10.849"
"3.084","'-8.8493"
"3.088","13.151"
"3.092","27.151"
"3.096","43.151"
"3.1","39.151"
"3.104","21.151"
"3.108","29.151"
"3.112","37.151"
"3.116","35.151"
"3.12","39.151"
"3.124","31.151"
"3.128","27.151"
"3.132","37.151"
"3.136","19.151"
"3.14","27.151"
"3.144","27.151"
"3.148","37.151"
"3.152","49.151"
"3.156","47.151"
"3.16","33.151"
"3.164","33.151"
"3.168","37.151"
"3.172","47.151"
"3.176","39.151"
"3.18","25.151"
"3.184","33.151"
"3.188","45.151"
"3.192","35.151"
"3.196","23.151"
"3.2","21.151"
"3.204","3.1507"
"3.208","21.151"
"3.212","11.151"
"3.216","'-10.849"
"3.22","'-26.849"
"3.224","'-42.849"
"3.228","'-40.849"
"3.232","'-56.849"
"3.236","'-52.849"
"3.24","'-62.849"
"3.244","'-68.849"
"3.248","'-64.849"
"3.252","'-54.849"
"3.256","'-42.849"
"3.26","'-44.849"
"3.264","'-58.849"
"3.268","'-64.849"
"3.272","'-56.849"
"3.276","'-46.849"
"3.28","'-52.849"
"3.284","'-20.849"
"3.288","'-34.849"
"3.292","'-38.849"
"3.296","'-24.849"
"3.3","'-10.849"
"3.304","'-24.849"
"3.308","'-2.8493"
"3.312","'-6.8493"
"3.316","'-10.849"
"3.32","'-24.849"
"3.324","'-28.849"
"3.328","'-30.849"
"3.332","'-8.8493"
"3.336","7.1507"
"3.34","3.1507"
"3.344","'-0.8493"
"3.348","'-14.849"
"3.352","'-0.8493"
"3.356","'-8.8493"
"3.36","'-2.8493"
"3.364","'-12.849"
"3.368","3.1507"
"3.372","'-14.849"
"3.376","'-14.849"
"3.38","3.1507"
"3.384","'-0.8493"
"3.388","'-8.8493"
"3.392","13.151"
"3.396","7.1507"
"3.4","3.1507"
"3.404","25.151"
"3.408","'-0.8493"
"3.412","'-10.849"
"3.416","7.1507"
"3.42","3.1507"
"3.424","11.151"
"3.428","27.151"
"3.432","1.1507"
"3.436","'-6.8493"
"3.44","'-0.8493"
"3.444","19.151"
"3.448","13.151"
"3.452","37.151"
"3.456","61.151"
"3.46","43.151"
"3.464","63.151"
"3.468","39.151"
"3.472","45.151"
"3.476","57.151"
"3.48","43.151"
"3.484","35.151"
"3.488","19.151"
"3.492","19.151"
"3.496","5.1507"
"3.5","9.1507"
"3.504","'-14.849"
"3.508","'-22.849"
"3.512","'-12.849"
"3.516","'-26.849"
"3.52","'-16.849"
"3.524","'-50.849"
"3.528","'-32.849"
"3.532","'-40.849"
"3.536","'-12.849"
"3.54","'-28.849"
"3.544","'-20.849"
"3.548","'-18.849"
"3.552","'-44.849"
"3.556","'-10.849"
"3.56","'-16.849"
"3.564","'-12.849"
"3.568","'-18.849"
"3.572","'-2.8493"
"3.576","3.1507"
"3.58","'-10.849"
"3.584","'-14.849"
"3.588","'-2.8493"
"3.592","5.1507"
"3.596","'-4.8493"
"3.6","7.1507"
"3.604","13.151"
"3.608","21.151"
"3.612","69.151"
"3.616","191.15"
"3.62","341.15"
"3.624","511.15"
"3.628","621.15"
"3.632","743.15"
"3.636","733.15"
"3.64","481.15"
"3.644","107.15"
"3.648","'-136.85"
"3.652","'-350.85"
"3.656","'-372.85"
"3.66","'-308.85"
"3.664","'-236.85"
"3.668","'-170.85"
"3.672","'-142.85"
"3.676","'-138.85"
"3.68","'-124.85"
"3.684","'-110.85"
"3.688","'-118.85"
"3.692","'-96.849"
"3.696","'-104.85"
"3.7","'-72.849"
"3.704","'-90.849"
"3.708","'-86.849"
"3.712","'-60.849"
"3.716","'-56.849"
"3.72","'-36.849"
"3.724","'-54.849"
"3.728","'-48.849"
"3.732","'-46.849"
"3.736","'-24.849"
"3.74","'-14.849"
"3.744","'-16.849"
"3.748","'-16.849"
"3.752","'-14.849"
"3.756","'-16.849"
"3.76","'-20.849"
"3.764","'-22.849"
"3.768","'-6.8493"
"3.772","'-0.8493"
"3.776","15.151"
"3.78","'-8.8493"
"3.784","'-2.8493"
"3.788","'-8.8493"
"3.792","'-6.8493"
"3.796","37.151"
"3.8","7.1507"
"3.804","21.151"
"3.808","19.151"
"3.812","15.151"
"3.816","27.151"
"3.82","13.151"
"3.824","29.151"
"3.828","41.151"
"3.832","47.151"
"3.836","47.151"
"3.84","35.151"
"3.844","47.151"
"3.848","55.151"
"3.852","53.151"
"3.856","57.151"
"3.86","31.151"
"3.864","33.151"
"3.868","59.151"
"3.872","33.151"
"3.876","63.151"
"3.88","43.151"
"3.884","57.151"
"3.888","53.151"
"3.892","57.151"
"3.896","47.151"
"3.9","67.151"
"3.904","51.151"
"3.908","37.151"
"3.912","27.151"
"3.916","29.151"
"3.92","35.151"
"3.924","39.151"
"3.928","13.151"
"3.932","'-8.8493"
"3.936","'-18.849"
"3.94","'-20.849"
"3.944","'-28.849"
"3.948","'-44.849"
"3.952","'-34.849"
"3.956","'-58.849"
"3.96","'-36.849"
"3.964","'-50.849"
"3.968","'-72.849"
"3.972","'-72.849"
"3.976","'-66.849"
"3.98","'-56.849"
"3.984","'-54.849"
"3.988","'-40.849"
"3.992","'-66.849"
"3.996","'-30.849"
"4","'-26.849"
"4.004","'-38.849"
"4.008","'-10.849"
"4.012","'-54.849"
"4.016","'-22.849"
"4.02","'-18.849"
"4.024","'-18.849"
"4.028","'-14.849"
"4.032","1.1507"
"4.036","'-6.8493"
"4.04","'-12.849"
"4.044","'-2.8493"
"4.048","15.151"
"4.052","'-2.8493"
"4.056","'-18.849"
"4.06","'-14.849"
"4.064","'-8.8493"
"4.068","'-16.849"
"4.072","'-12.849"
"4.076","'-26.849"
"4.08","21.151"
"4.084","1.1507"
"4.088","11.151"
"4.092","'-10.849"
"4.096","3.1507"
"4.1","'-16.849"
"4.104","'-26.849"
"4.108","13.151"
"4.112","'-40.849"
"4.116","'-32.849"
"4.12","5.1507"
"4.124","'-12.849"
"4.128","'-16.849"
"4.132","'-28.849"
"4.136","'-24.849"
"4.14","1.1507"
"4.144","'-6.8493"
"4.148","'-10.849"
"4.152","'-20.849"
"4.156","'-16.849"
"4.16","'-6.8493"
"4.164","5.1507"
"4.168","17.151"
"4.172","3.1507"
"4.176","35.151"
"4.18","25.151"
"4.184","33.151"
"4.188","27.151"
"4.192","25.151"
"4.196","23.151"
"4.2","35.151"
"4.204","31.151"
"4.208","53.151"
"4.212","11.151"
"4.216","13.151"
"4.22","3.1507"
"4.224","1.1507"
"4.228","'-4.8493"
"4.232","'-12.849"
"4.236","'-8.8493"
"4.24","'-16.849"
"4.244","'-24.849"
"4.248","'-46.849"
"4.252","'-26.849"
"4.256","'-44.849"
"4.26","'-42.849"
"4.264","'-16.849"
"4.268","'-6.8493"
"4.272","'-12.849"
"4.276","'-34.849"
"4.28","'-36.849"
"4.284","'-24.849"
"4.288","'-42.849"
"4.292","'-30.849"
"4.296","'-18.849"
"4.3","'-14.849"
"4.304","'-12.849"
"4.308","'-8.8493"
"4.312","'-2.8493"
"4.316","1.1507"
"4.32","'-6.8493"
"4.324","3.1507"
"4.328","'-18.849"
"4.332","'-14.849"
"4.336","19.151"
"4.34","83.151"
"4.344","185.15"
"4.348","325.15"
"4.352","489.15"
"4.356","627.15"
"4.36","719.15"
"4.364","757.15"
"4.368","563.15"
"4.372","193.15"
"4.376","'-112.85"
"4.38","'-348.85"
"4.384","'-404.85"
"4.388","'-332.85"
"4.392","'-236.85"
"4.396","'-176.85"
"4.4","'-150.85"
"4.404","'-154.85"
"4.408","'-134.85"
"4.412","'-136.85"
"4.416","'-110.85"
"4.42","'-120.85"
"4.424","'-100.85"
"4.428","'-84.849"
"4.432","'-60.849"
"4.436","'-74.849"
"4.44","'-62.849"
"4.444","'-76.849"
"4.448","'-78.849"
"4.452","'-42.849"
"4.456","'-46.849"
"4.46","'-34.849"
"4.464","'-42.849"
"4.468","'-10.849"
"4.472","'-32.849"
"4.476","'-32.849"
"4.48","'-24.849"
"4.484","'-18.849"
"4.488","'-14.849"
"4.492","'-28.849"
"4.496","'-12.849"
"4.5","'-20.849"
"4.504","'-14.849"
"4.508","'-16.849"
"4.512","'-8.8493"
"4.516","3.1507"
"4.52","'-6.8493"
"4.524","17.151"
"4.528","3.1507"
"4.532","11.151"
"4.536","19.151"
"4.54","19.151"
"4.544","5.1507"
"4.548","33.151"
"4.552","23.151"
"4.556","13.151"
"4.56","31.151"
"4.564","59.151"
"4.568","49.151"
"4.572","43.151"
"4.576","27.151"
"4.58","61.151"
"4.584","47.151"
"4.588","45.151"
"4.592","49.151"
"4.596","49.151"
"4.6","41.151"
"4.604","45.151"
"4.608","49.151"
"4.612","73.151"
"4.616","47.151"
"4.62","47.151"
"4.624","37.151"
"4.628","31.151"
"4.632","55.151"
"4.636","55.151"
"4.64","65.151"
"4.644","29.151"
"4.648","33.151"
"4.652","1.1507"
"4.656","3.1507"
"4.66","'-8.8493"
"4.664","'-30.849"
"4.668","'-12.849"
"4.672","'-40.849"
"4.676","'-58.849"
"4.68","'-74.849"
"4.684","'-76.849"
"4.688","'-76.849"
"4.692","'-76.849"
"4.696","'-66.849"
"4.7","'-82.849"
"4.704","'-84.849"
"4.708","'-86.849"
"4.712","'-64.849"
"4.716","'-60.849"
"4.72","'-52.849"
"4.724","'-70.849"
"4.728","'-40.849"
"4.732","'-60.849"
"4.736","'-50.849"
"4.74","'-40.849"
"4.744","'-48.849"
"4.748","'-42.849"
"4.752","'-36.849"
"4.756","'-30.849"
"4.76","'-30.849"
"4.764","'-12.849"
"4.768","'-26.849"
"4.772","'-12.849"
"4.776","'-14.849"
"4.78","'-8.8493"
"4.784","'-12.849"
"4.788","'-6.8493"
"4.792","'-24.849"
"4.796","'-8.8493"
"4.8","'-20.849"
"4.804","'-20.849"
"4.808","'-6.8493"
"4.812","'-18.849"
"4.816","'-16.849"
"4.82","'-12.849"
"4.824","'-16.849"
"4.828","'-22.849"
"4.832","'-4.8493"
"4.836","'-24.849"
"4.84","'-14.849"
"4.844","'-38.849"
"4.848","'-10.849"
"4.852","'-16.849"
"4.856","'-12.849"
"4.86","'-20.849"
"4.864","'-24.849"
"4.868","'-12.849"
"4.872","'-20.849"
"4.876","'-36.849"
"4.88","'-28.849"
"4.884","'-34.849"
"4.888","'-14.849"
"4.892","'-24.849"
"4.896","'-10.849"
"4.9","'-12.849"
"4.904","'-2.8493"
"4.908","'-4.8493"
"4.912","'-2.8493"
"4.916","29.151"
"4.92","25.151"
"4.924","19.151"
"4.928","35.151"
"4.932","39.151"
"4.936","35.151"
"4.94","25.151"
"4.944","33.151"
"4.948","39.151"
"4.952","35.151"
"4.956","'-12.849"
"4.96","'-8.8493"
"4.964","'-30.849"
"4.968","'-38.849"
"4.972","'-20.849"
"4.976","'-10.849"
"4.98","'-20.849"
"4.984","'-26.849"
"4.988","'-42.849"
"4.992","'-46.849"
"4.996","'-42.849"
"5","'-32.849"
"5.004","'-18.849"
"5.008","'-50.849"
"5.012","'-38.849"
"5.016","'-42.849"
"5.02","'-56.849"
"5.024","'-38.849"
"5.028","'-18.849"
"5.032","'-18.849"
"5.036","'-12.849"
"5.04","'-10.849"
"5.044","'-32.849"
"5.048","'-2.8493"
"5.052","'-2.8493"
"5.056","'-4.8493"
"5.06","'-12.849"
"5.064","'-24.849"
"5.068","'-22.849"
"5.072","'-2.8493"
"5.076","'-24.849"
"5.08","23.151"
"5.084","121.15"
"5.088","265.15"
"5.092","457.15"
"5.096","565.15"
"5.1","697.15"
"5.104","785.15"
"5.108","641.15"
"5.112","291.15"
"5.116","'-50.849"
"5.12","'-280.85"
"5.124","'-384.85"
"5.128","'-344.85"
"5.132","'-260.85"
"5.136","'-208.85"
"5.14","'-146.85"
"5.144","'-120.85"
"5.148","'-132.85"
"5.152","'-128.85"
"5.156","'-118.85"
"5.16","'-102.85"
"5.164","'-110.85"
"5.168","'-118.85"
"5.172","'-98.849"
"5.176","'-90.849"
"5.18","'-64.849"
"5.184","'-70.849"
"5.188","'-60.849"
"5.192","'-60.849"
"5.196","'-62.849"
"5.2","'-54.849"
"5.204","'-62.849"
"5.208","'-38.849"
"5.212","'-44.849"
"5.216","'-22.849"
"5.22","'-40.849"
"5.224","'-30.849"
"5.228","'-18.849"
"5.232","'-0.8493"
"5.236","'-4.8493"
"5.24","'-30.849"
"5.244","'-16.849"
"5.248","'-8.8493"
"5.252","13.151"
"5.256","'-4.8493"
"5.26","'-24.849"
"5.264","'-10.849"
"5.268","'-6.8493"
"5.272","15.151"
"5.276","9.1507"
"5.28","5.1507"
"5.284","27.151"
"5.288","25.151"
"5.292","5.1507"
"5.296","11.151"
"5.3","7.1507"
"5.304","37.151"
"5.308","23.151"
"5.312","19.151"
"5.316","43.151"
"5.32","49.151"
"5.324","25.151"
"5.328","31.151"
"5.332","49.151"
"5.336","35.151"
"5.34","43.151"
"5.344","55.151"
"5.348","47.151"
"5.352","53.151"
"5.356","41.151"
"5.36","41.151"
"5.364","21.151"
"5.368","23.151"
"5.372","51.151"
"5.376","47.151"
"5.38","67.151"
"5.384","21.151"
"5.388","27.151"
"5.392","11.151"
"5.396","9.1507"
"5.4","'-0.8493"
"5.404","1.1507"
"5.408","'-14.849"
"5.412","'-50.849"
"5.416","'-44.849"
"5.42","'-72.849"
"5.424","'-56.849"
"5.428","'-54.849"
"5.432","'-88.849"
"5.436","'-72.849"
"5.44","'-62.849"
"5.444","'-72.849"
"5.448","'-66.849"
"5.452","'-64.849"
"5.456","'-52.849"
"5.46","'-58.849"
"5.464","'-60.849"
"5.468","'-54.849"
"5.472","'-48.849"
"5.476","'-40.849"
"5.48","'-46.849"
"5.484","'-34.849"
"5.488","'-32.849"
"5.492","'-22.849"
"5.496","'-16.849"
"5.5","'-0.8493"
"5.504","'-18.849"
"5.508","'-18.849"
"5.512","'-6.8493"
"5.516","'-18.849"
"5.52","'-18.849"
"5.524","3.1507"
"5.528","'-16.849"
"5.532","1.1507"
"5.536","5.1507"
"5.54","'-0.8493"
"5.544","'-18.849"
"5.548","'-0.8493"
"5.552","'-6.8493"
"5.556","'-8.8493"
"5.56","13.151"
"5.564","'-18.849"
"5.568","'-26.849"
"5.572","'-12.849"
"5.576","'-10.849"
"5.58","'-16.849"
"5.584","'-8.8493"
"5.588","1.1507"
"5.592","'-2.8493"
"5.596","5.1507"
"5.6","'-16.849"
"5.604","'-22.849"
"5.608","'-16.849"
"5.612","'-12.849"
"5.616","'-10.849"
"5.62","'-8.8493"
"5.624","'-6.8493"
"5.628","5.1507"
"5.632","1.1507"
"5.636","'-4.8493"
"5.64","'-24.849"
"5.644","'-0.8493"
"5.648","'-8.8493"
"5.652","19.151"
"5.656","'-22.849"
"5.66","'-4.8493"
"5.664","'-12.849"
"5.668","'-6.8493"
"5.672","11.151"
"5.676","7.1507"
"5.68","7.1507"
"5.684","'-14.849"
"5.688","23.151"
"5.692","7.1507"
"5.696","17.151"
"5.7","29.151"
"5.704","45.151"
"5.708","39.151"
"5.712","39.151"
"5.716","51.151"
"5.72","57.151"
"5.724","53.151"
"5.728","25.151"
"5.732","31.151"
"5.736","21.151"
"5.74","15.151"
"5.744","9.1507"
"5.748","'-2.8493"
"5.752","'-8.8493"
"5.756","'-18.849"
"5.76","'-30.849"
"5.764","'-14.849"
"5.768","'-12.849"
"5.772","'-22.849"
"5.776","'-28.849"
"5.78","'-4.8493"
"5.784","'-44.849"
"5.788","'-38.849"
"5.792","'-22.849"
"5.796","'-46.849"
"5.8","'-20.849"
"5.804","'-10.849"
"5.808","'-32.849"
"5.812","'-16.849"
"5.816","'-0.8493"
"5.82","'-22.849"
"5.824","'-4.8493"
"5.828","'-12.849"
"5.832","'-18.849"
"5.836","'-12.849"
"5.84","'-8.8493"
"5.844","'-6.8493"
"5.848","'-2.8493"
"5.852","'-10.849"
"5.856","'-4.8493"
"5.86","29.151"
"5.864","83.151"
"5.868","257.15"
"5.872","435.15"
"5.876","577.15"
"5.88","691.15"
"5.884","755.15"
"5.888","597.15"
"5.892","291.15"
"5.896","'-28.849"
"5.9","'-266.85"
"5.904","'-352.85"
"5.908","'-298.85"
"5.912","'-252.85"
"5.916","'-192.85"
"5.92","'-154.85"
"5.924","'-126.85"
"5.928","'-106.85"
"5.932","'-144.85"
"5.936","'-114.85"
"5.94","'-104.85"
"5.944","'-84.849"
"5.948","'-104.85"
"5.952","'-82.849"
"5.956","'-76.849"
"5.96","'-72.849"
"5.964","'-64.849"
"5.968","'-56.849"
"5.972","'-58.849"
"5.976","'-20.849"
"5.98","'-34.849"
"5.984","'-36.849"
"5.988","'-36.849"
"5.992","'-40.849"
"5.996","'-40.849"
"6","'-8.8493"
"6.004","'-26.849"
"6.008","'-20.849"
"6.012","'-26.849"
"6.016","7.1507"
"6.02","'-12.849"
"6.024","'-10.849"
"6.028","7.1507"
"6.032","'-2.8493"
"6.036","5.1507"
"6.04","'-20.849"
"6.044","3.1507"
"6.048","3.1507"
"6.052","23.151"
"6.056","15.151"
"6.06","13.151"
"6.064","15.151"
"6.068","39.151"
"6.072","13.151"
"6.076","17.151"
"6.08","'-0.8493"
"6.084","23.151"
"6.088","29.151"
"6.092","39.151"
"6.096","33.151"
"6.1","25.151"
"6.104","29.151"
"6.108","27.151"
"6.112","51.151"
"6.116","61.151"
"6.12","47.151"
"6.124","27.151"
"6.128","57.151"
"6.132","31.151"
"6.136","25.151"
"6.14","55.151"
"6.144","45.151"
"6.148","47.151"
"6.152","23.151"
"6.156","29.151"
"6.16","37.151"
"6.164","49.151"
"6.168","41.151"
"6.172","25.151"
"6.176","15.151"
"6.18","1.1507"
"6.184","'-10.849"
"6.188","'-36.849"
"6.192","'-30.849"
"6.196","'-36.849"
"6.2","'-34.849"
"6.204","'-42.849"
"6.208","'-56.849"
"6.212","'-44.849"
"6.216","'-58.849"
"6.22","'-62.849"
"6.224","'-70.849"
"6.228","'-62.849"
"6.232","'-60.849"
"6.236","'-64.849"
"6.24","'-42.849"
"6.244","'-52.849"
"6.248","'-42.849"
"6.252","'-20.849"
"6.256","'-40.849"
"6.26","'-16.849"
"6.264","'-46.849"
"6.268","'-18.849"
"6.272","'-12.849"
"6.276","'-30.849"
"6.28","'-26.849"
"6.284","'-26.849"
"6.288","'-30.849"
"6.292","3.1507"
"6.296","'-16.849"
"6.3","'-10.849"
"6.304","'-20.849"
"6.308","'-2.8493"
"6.312","'-26.849"
"6.316","'-10.849"
"6.32","'-14.849"
"6.324","'-20.849"
"6.328","'-26.849"
"6.332","'-22.849"
"6.336","'-18.849"
"6.34","1.1507"
"6.344","'-28.849"
"6.348","'-10.849"
"6.352","'-20.849"
"6.356","'-8.8493"
"6.36","'-12.849"
"6.364","'-2.8493"
"6.368","'-20.849"
"6.372","'-26.849"
"6.376","'-28.849"
"6.38","'-34.849"
"6.384","'-2.8493"
"6.388","'-14.849"
"6.392","'-26.849"
"6.396","3.1507"
"6.4","'-2.8493"
"6.404","3.1507"
"6.408","'-10.849"
"6.412","'-4.8493"
"6.416","7.1507"
"6.42","'-26.849"
"6.424","'-24.849"
"6.428","'-16.849"
"6.432","'-4.8493"
"6.436","'-6.8493"
"6.44","'-8.8493"
"6.444","1.1507"
"6.448","9.1507"
"6.452","3.1507"
"6.456","'-8.8493"
"6.46","'-0.8493"
"6.464","'-16.849"
"6.468","7.1507"
"6.472","15.151"
"6.476","'-2.8493"
"6.48","'-2.8493"
"6.484","19.151"
"6.488","47.151"
"6.492","29.151"
"6.496","47.151"
"6.5","23.151"
"6.504","37.151"
"6.508","51.151"
"6.512","57.151"
"6.516","51.151"
"6.52","37.151"
"6.524","27.151"
"6.528","37.151"
"6.532","'-0.8493"
"6.536","'-22.849"
"6.54","'-0.8493"
"6.544","'-26.849"
"6.548","'-6.8493"
"6.552","'-12.849"
"6.556","'-26.849"
"6.56","'-10.849"
"6.564","'-6.8493"
"6.568","'-26.849"
"6.572","'-28.849"
"6.576","'-24.849"
"6.58","'-36.849"
"6.584","'-24.849"
"6.588","'-42.849"
"6.592","'-38.849"
"6.596","'-12.849"
"6.6","7.1507"
"6.604","'-18.849"
"6.608","'-26.849"
"6.612","'-14.849"
"6.616","'-34.849"
"6.62","'-24.849"
"6.624","'-4.8493"
"6.628","'-4.8493"
"6.632","'-4.8493"
"6.636","'-6.8493"
"6.64","'-22.849"
"6.644","13.151"
"6.648","21.151"
"6.652","81.151"
"6.656","213.15"
"6.66","381.15"
"6.664","545.15"
"6.668","655.15"
"6.672","733.15"
"6.676","671.15"
"6.68","407.15"
"6.684","73.151"
"6.688","'-182.85"
"6.692","'-348.85"
"6.696","'-346.85"
"6.7","'-292.85"
"6.704","'-210.85"
"6.708","'-168.85"
"6.712","'-142.85"
"6.716","'-138.85"
"6.72","'-126.85"
"6.724","'-122.85"
"6.728","'-116.85"
"6.732","'-118.85"
"6.736","'-88.849"
"6.74","'-88.849"
"6.744","'-80.849"
"6.748","'-76.849"
"6.752","'-68.849"
"6.756","'-72.849"
"6.76","'-56.849"
"6.764","'-48.849"
"6.768","'-42.849"
"6.772","'-40.849"
"6.776","'-50.849"
"6.78","'-24.849"
"6.784","'-12.849"
"6.788","'-32.849"
"6.792","'-32.849"
"6.796","'-40.849"
"6.8","'-10.849"
"6.804","'-10.849"
"6.808","'-4.8493"
"6.812","'-12.849"
"6.816","'-18.849"
"6.82","'-4.8493"
"6.824","'-8.8493"
"6.828","1.1507"
"6.832","9.1507"
"6.836","'-14.849"
"6.84","9.1507"
"6.844","23.151"
"6.848","3.1507"
"6.852","7.1507"
"6.856","1.1507"
"6.86","45.151"
"6.864","15.151"
"6.868","23.151"
"6.872","15.151"
"6.876","1.1507"
"6.88","25.151"
"6.884","35.151"
"6.888","45.151"
"6.892","37.151"
"6.896","53.151"
"6.9","31.151"
"6.904","31.151"
"6.908","51.151"
"6.912","43.151"
"6.916","39.151"
"6.92","33.151"
"6.924","19.151"
"6.928","25.151"
"6.932","47.151"
"6.936","43.151"
"6.94","41.151"
"6.944","25.151"
"6.948","17.151"
"6.952","33.151"
"6.956","43.151"
"6.96","29.151"
"6.964","17.151"
"6.968","17.151"
"6.972","5.1507"
"6.976","'-0.8493"
"6.98","'-20.849"
"6.984","'-14.849"
"6.988","'-28.849"
"6.992","'-48.849"
"6.996","'-60.849"
"7","'-52.849"
"7.004","'-34.849"
"7.008","'-42.849"
"7.012","'-72.849"
"7.016","'-88.849"
"7.02","'-62.849"
"7.024","'-52.849"
"7.028","'-32.849"
"7.032","'-52.849"
"7.036","'-36.849"
"7.04","'-52.849"
"7.044","'-32.849"
"7.048","'-32.849"
"7.052","'-44.849"
"7.056","'-24.849"
"7.06","'-12.849"
"7.064","1.1507"
"7.068","'-26.849"
"7.072","'-26.849"
"7.076","'-12.849"
"7.08","'-24.849"
"7.084","'-18.849"
"7.088","'-44.849"
"7.092","'-6.8493"
"7.096","'-4.8493"
"7.1","'-16.849"
"7.104","'-14.849"
"7.108","'-10.849"
"7.112","'-14.849"
"7.116","'-16.849"
"7.12","'-14.849"
"7.124","'-24.849"
"7.128","'-24.849"
"7.132","'-20.849"
"7.136","'-2.8493"
"7.14","'-26.849"
"7.144","'-18.849"
"7.148","'-16.849"
"7.152","'-12.849"
"7.156","'-34.849"
"7.16","'-24.849"
"7.164","'-26.849"
"7.168","'-20.849"
"7.172","'-12.849"
"7.176","'-30.849"
"7.18","'-0.8493"
"7.184","5.1507"
"7.188","'-20.849"
"7.192","'-12.849"
"7.196","'-36.849"
"7.2","'-14.849"
"7.204","1.1507"
"7.208","'-34.849"
"7.212","'-12.849"
"7.216","'-2.8493"
"7.22","'-20.849"
"7.224","'-2.8493"
"7.228","'-8.8493"
"7.232","'-0.8493"
"7.236","13.151"
"7.24","'-2.8493"
"7.244","3.1507"
"7.248","9.1507"
"7.252","'-10.849"
"7.256","21.151"
"7.26","13.151"
"7.264","31.151"
"7.268","23.151"
"7.272","35.151"
"7.276","63.151"
"7.28","49.151"
"7.284","57.151"
"7.288","33.151"
"7.292","53.151"
"7.296","51.151"
"7.3","17.151"
"7.304","'-0.8493"
"7.308","'-2.8493"
"7.312","'-10.849"
"7.316","'-22.849"
"7.32","'-18.849"
"7.324","'-24.849"
"7.328","'-16.849"
"7.332","'-10.849"
"7.336","'-56.849"
"7.34","'-24.849"
"7.344","'-46.849"
"7.348","'-32.849"
"7.352","'-46.849"
"7.356","'-44.849"
"7.36","'-32.849"
"7.364","'-22.849"
"7.368","'-28.849"
"7.372","'-16.849"
"7.376","'-22.849"
"7.38","'-24.849"
"7.384","'-8.8493"
"7.388","'-20.849"
"7.392","'-10.849"
"7.396","'-6.8493"
"7.4","1.1507"
"7.404","7.1507"
"7.408","'-24.849"
"7.412","'-44.849"
"7.416","'-30.849"
"7.42","21.151"
"7.424","41.151"
"7.428","83.151"
"7.432","239.15"
"7.436","439.15"
"7.44","583.15"
"7.444","681.15"
"7.448","781.15"
"7.452","705.15"
"7.456","381.15"
"7.46","27.151"
"7.464","'-216.85"
"7.468","'-376.85"
"7.472","'-364.85"
"7.476","'-276.85"
"7.48","'-194.85"
"7.484","'-148.85"
"7.488","'-154.85"
"7.492","'-142.85"
"7.496","'-132.85"
"7.5","'-132.85"
"7.504","'-124.85"
"7.508","'-132.85"
"7.512","'-82.849"
"7.516","'-88.849"
"7.52","'-100.85"
"7.524","'-82.849"
"7.528","'-68.849"
"7.532","'-70.849"
"7.536","'-50.849"
"7.54","'-48.849"
"7.544","'-60.849"
"7.548","'-30.849"
"7.552","'-48.849"
"7.556","'-44.849"
"7.56","'-32.849"
"7.564","'-24.849"
"7.568","'-32.849"
"7.572","'-28.849"
"7.576","'-28.849"
"7.58","'-24.849"
"7.584","'-8.8493"
"7.588","'-10.849"
"7.592","'-6.8493"
"7.596","'-10.849"
"7.6","'-6.8493"
"7.604","'-6.8493"
"7.608","7.1507"
"7.612","'-2.8493"
"7.616","17.151"
"7.62","'-8.8493"
"7.624","9.1507"
"7.628","19.151"
"7.632","35.151"
"7.636","17.151"
"7.64","13.151"
"7.644","25.151"
"7.648","31.151"
"7.652","21.151"
"7.656","25.151"
"7.66","39.151"
"7.664","61.151"
"7.668","63.151"
"7.672","37.151"
"7.676","41.151"
"7.68","43.151"
"7.684","55.151"
"7.688","37.151"
"7.692","69.151"
"7.696","45.151"
"7.7","39.151"
"7.704","29.151"
"7.708","33.151"
"7.712","67.151"
"7.716","57.151"
"7.72","29.151"
"7.724","53.151"
"7.728","43.151"
"7.732","17.151"
"7.736","13.151"
"7.74","17.151"
"7.744","3.1507"
"7.748","1.1507"
"7.752","1.1507"
"7.756","'-24.849"
"7.76","'-16.849"
"7.764","'-42.849"
"7.768","'-36.849"
"7.772","'-56.849"
"7.776","'-54.849"
"7.78","'-74.849"
"7.784","'-64.849"
"7.788","'-78.849"
"7.792","'-58.849"
"7.796","'-66.849"
"7.8","'-60.849"
"7.804","'-60.849"
"7.808","'-54.849"
"7.812","'-38.849"
"7.816","'-40.849"
"7.82","'-24.849"
"7.824","'-38.849"
"7.828","'-32.849"
"7.832","'-42.849"
"7.836","'-16.849"
"7.84","'-4.8493"
"7.844","'-10.849"
"7.848","'-20.849"
"7.852","'-30.849"
"7.856","'-4.8493"
"7.86","'-10.849"
"7.864","'-6.8493"
"7.868","'-14.849"
"7.872","'-18.849"
"7.876","'-4.8493"
"7.88","'-12.849"
"7.884","'-12.849"
"7.888","3.1507"
"7.892","'-16.849"
"7.896","'-10.849"
"7.9","'-16.849"
"7.904","'-16.849"
"7.908","'-10.849"
"7.912","5.1507"
"7.916","'-16.849"
"7.92","'-14.849"
"7.924","'-8.8493"
"7.928","'-12.849"
"7.932","1.1507"
"7.936","'-10.849"
"7.94","'-22.849"
"7.944","'-34.849"
"7.948","'-12.849"
"7.952","'-20.849"
"7.956","'-8.8493"
"7.96","'-20.849"
"7.964","'-2.8493"
"7.968","1.1507"
"7.972","'-16.849"
"7.976","'-28.849"
"7.98","'-32.849"
"7.984","'-8.8493"
"7.988","'-10.849"
"7.992","'-4.8493"
"7.996","13.151"
"8","9.1507"
"8.004","21.151"
"8.008","13.151"
"8.012","19.151"
"8.016","23.151"
"8.02","31.151"
"8.024","51.151"
"8.028","51.151"
"8.032","59.151"
"8.036","45.151"
"8.04","65.151"
"8.044","23.151"
"8.048","9.1507"
"8.052","'-8.8493"
"8.056","'-12.849"
"8.06","'-0.8493"
"8.064","'-24.849"
"8.068","'-26.849"
"8.072","'-18.849"
"8.076","'-10.849"
"8.08","'-40.849"
"8.084","'-32.849"
"8.088","'-42.849"
"8.092","'-20.849"
"8.096","'-36.849"
"8.1","'-34.849"
"8.104","'-46.849"
"8.108","'-20.849"
"8.112","'-20.849"
"8.116","'-32.849"
"8.12","'-24.849"
"8.124","'-20.849"
"8.128","'-10.849"
"8.132","3.1507"
"8.136","'-26.849"
"8.14","'-26.849"
"8.144","'-24.849"
"8.148","19.151"
"8.152","9.1507"
"8.156","'-10.849"
"8.16","'-24.849"
"8.164","'-12.849"
"8.168","23.151"
"8.172","35.151"
"8.176","151.15"
"8.18","295.15"
"8.184","521.15"
"8.188","637.15"
"8.192","731.15"
"8.196","777.15"
"8.2","627.15"
"8.204","253.15"
"8.208","'-70.849"
"8.212","'-288.85"
"8.216","'-406.85"
"8.22","'-348.85"
"8.224","'-234.85"
"8.228","'-184.85"
"8.232","'-158.85"
"8.236","'-142.85"
"8.24","'-136.85"
"8.244","'-106.85"
"8.248","'-116.85"
"8.252","'-112.85"
"8.256","'-114.85"
"8.26","'-94.849"
"8.264","'-96.849"
"8.268","'-104.85"
"8.272","'-70.849"
"8.276","'-66.849"
"8.28","'-50.849"
"8.284","'-58.849"
"8.288","'-70.849"
"8.292","'-48.849"
"8.296","'-40.849"
"8.3","'-46.849"
"8.304","'-26.849"
"8.308","'-30.849"
"8.312","'-20.849"
"8.316","'-40.849"
"8.32","'-10.849"
"8.324","'-20.849"
"8.328","'-16.849"
"8.332","3.1507"
"8.336","'-16.849"
"8.34","'-4.8493"
"8.344","'-0.8493"
"8.348","'-0.8493"
"8.352","3.1507"
"8.356","11.151"
"8.36","7.1507"
"8.364","15.151"
"8.368","'-2.8493"
"8.372","11.151"
"8.376","1.1507"
"8.38","15.151"
"8.384","39.151"
"8.388","19.151"
"8.392","21.151"
"8.396","25.151"
"8.4","19.151"
"8.404","47.151"
"8.408","19.151"
"8.412","49.151"
"8.416","39.151"
"8.42","51.151"
"8.424","53.151"
"8.428","37.151"
"8.432","61.151"
"8.436","43.151"
"8.44","55.151"
"8.444","31.151"
"8.448","57.151"
"8.452","47.151"
"8.456","53.151"
"8.46","31.151"
"8.464","33.151"
"8.468","37.151"
"8.472","55.151"
"8.476","19.151"
"8.48","43.151"
"8.484","13.151"
"8.488","5.1507"
"8.492","1.1507"
"8.496","'-8.8493"
"8.5","'-32.849"
"8.504","'-40.849"
"8.508","'-26.849"
"8.512","'-66.849"
"8.516","'-60.849"
"8.52","'-60.849"
"8.524","'-74.849"
"8.528","'-56.849"
"8.532","'-58.849"
"8.536","'-60.849"
"8.54","'-80.849"
"8.544","'-76.849"
"8.548","'-58.849"
"8.552","'-66.849"
"8.556","'-52.849"
"8.56","'-40.849"
"8.564","'-46.849"
"8.568","'-42.849"
"8.572","'-14.849"
"8.576","'-30.849"
"8.58","'-24.849"
"8.584","'-30.849"
"8.588","'-46.849"
"8.592","'-30.849"
"8.596","'-46.849"
"8.6","3.1507"
"8.604","15.151"
"8.608","'-16.849"
"8.612","'-22.849"
"8.616","'-42.849"
"8.62","'-20.849"
"8.624","'-10.849"
"8.628","9.1507"
"8.632","'-14.849"
"8.636","'-6.8493"
"8.64","'-16.849"
"8.644","'-26.849"
"8.648","'-12.849"
"8.652","'-32.849"
"8.656","'-20.849"
"8.66","'-28.849"
"8.664","'-28.849"
"8.668","'-22.849"
"8.672","'-22.849"
"8.676","'-12.849"
"8.68","15.151"
"8.684","'-18.849"
"8.688","'-14.849"
"8.692","'-16.849"
"8.696","'-4.8493"
"8.7","'-14.849"
"8.704","'-16.849"
"8.708","'-26.849"
"8.712","'-14.849"
"8.716","'-18.849"
"8.72","'-14.849"
"8.724","'-22.849"
"8.728","7.1507"
"8.732","3.1507"
"8.736","'-6.8493"
"8.74","'-8.8493"
"8.744","'-4.8493"
"8.748","'-2.8493"
"8.752","1.1507"
"8.756","23.151"
"8.76","23.151"
"8.764","17.151"
"8.768","19.151"
"8.772","49.151"
"8.776","51.151"
"8.78","69.151"
"8.784","31.151"
"8.788","33.151"
"8.792","33.151"
"8.796","19.151"
"8.8","5.1507"
"8.804","'-2.8493"
"8.808","'-20.849"
"8.812","'-42.849"
"8.816","'-38.849"
"8.82","'-2.8493"
"8.824","3.1507"
"8.828","'-36.849"
"8.832","'-40.849"
"8.836","'-44.849"
"8.84","'-40.849"
"8.844","'-56.849"
"8.848","'-22.849"
"8.852","'-24.849"
"8.856","'-46.849"
"8.86","'-30.849"
"8.864","'-42.849"
"8.868","'-40.849"
"8.872","'-8.8493"
"8.876","'-16.849"
"8.88","'-24.849"
"8.884","'-32.849"
"8.888","'-24.849"
"8.892","'-4.8493"
"8.896","'-4.8493"
"8.9","1.1507"
"8.904","'-12.849"
"8.908","'-22.849"
"8.912","'-34.849"
"8.916","'-4.8493"
"8.92","9.1507"
"8.924","67.151"
"8.928","181.15"
"8.932","381.15"
"8.936","507.15"
"8.94","647.15"
"8.944","759.15"
"8.948","711.15"
"8.952","449.15"
"8.956","85.151"
"8.96","'-176.85"
"8.964","'-348.85"
"8.968","'-362.85"
"8.972","'-276.85"
"8.976","'-212.85"
"8.98","'-158.85"
"8.984","'-142.85"
"8.988","'-126.85"
"8.992","'-100.85"
"8.996","'-128.85"
"9","'-108.85"
"9.004","'-110.85"
"9.008","'-120.85"
"9.012","'-114.85"
"9.016","'-88.849"
"9.02","'-90.849"
"9.024","'-90.849"
"9.028","'-66.849"
"9.032","'-68.849"
"9.036","'-42.849"
"9.04","'-40.849"
"9.044","'-48.849"
"9.048","'-40.849"
"9.052","'-32.849"
"9.056","'-50.849"
"9.06","'-32.849"
"9.064","'-16.849"
"9.068","'-22.849"
"9.072","'-16.849"
"9.076","'-42.849"
"9.08","'-34.849"
"9.084","5.1507"
"9.088","'-8.8493"
"9.092","'-22.849"
"9.096","'-0.8493"
"9.1","3.1507"
"9.104","3.1507"
"9.108","'-22.849"
"9.112","3.1507"
"9.116","'-4.8493"
"9.12","5.1507"
"9.124","5.1507"
"9.128","15.151"
"9.132","23.151"
"9.136","'-2.8493"
"9.14","9.1507"
"9.144","31.151"
"9.148","19.151"
"9.152","3.1507"
"9.156","13.151"
"9.16","41.151"
"9.164","35.151"
"9.168","21.151"
"9.172","31.151"
"9.176","43.151"
"9.18","51.151"
"9.184","41.151"
"9.188","51.151"
"9.192","53.151"
"9.196","35.151"
"9.2","47.151"
"9.204","29.151"
"9.208","49.151"
"9.212","47.151"
"9.216","37.151"
"9.22","7.1507"
"9.224","49.151"
"9.228","27.151"
"9.232","11.151"
"9.236","'-0.8493"
"9.24","9.1507"
"9.244","'-8.8493"
"9.248","'-12.849"
"9.252","'-26.849"
"9.256","'-56.849"
"9.26","'-54.849"
"9.264","'-56.849"
"9.268","'-44.849"
"9.272","'-60.849"
"9.276","'-76.849"
"9.28","'-78.849"
"9.284","'-74.849"
"9.288","'-78.849"
"9.292","'-78.849"
"9.296","'-74.849"
"9.3","'-48.849"
"9.304","'-44.849"
"9.308","'-56.849"
"9.312","'-44.849"
"9.316","'-42.849"
"9.32","'-44.849"
"9.324","'-48.849"
"9.328","'-62.849"
"9.332","'-34.849"
"9.336","'-24.849"
"9.34","'-36.849"
"9.344","'-16.849"
"9.348","'-12.849"
"9.352","'-34.849"
"9.356","'-22.849"
"9.36","'-36.849"
"9.364","'-10.849"
"9.368","'-8.8493"
"9.372","'-20.849"
"9.376","'-14.849"
"9.38","'-26.849"
"9.384","'-26.849"
"9.388","'-22.849"
"9.392","'-24.849"
"9.396","'-20.849"
"9.4","'-32.849"
"9.404","'-24.849"
"9.408","'-22.849"
"9.412","'-12.849"
"9.416","'-16.849"
"9.42","'-26.849"
"9.424","'-12.849"
"9.428","'-40.849"
"9.432","'-42.849"
"9.436","'-24.849"
"9.44","'-26.849"
"9.444","'-4.8493"
"9.448","'-28.849"
"9.452","'-16.849"
"9.456","'-34.849"
"9.46","'-16.849"
"9.464","'-4.8493"
"9.468","'-22.849"
"9.472","'-20.849"
"9.476","'-24.849"
"9.48","'-14.849"
"9.484","'-8.8493"
"9.488","'-20.849"
"9.492","'-0.8493"
"9.496","1.1507"
"9.5","'-0.8493"
"9.504","5.1507"
"9.508","23.151"
"9.512","17.151"
"9.516","43.151"
"9.52","39.151"
"9.524","25.151"
"9.528","55.151"
"9.532","31.151"
"9.536","43.151"
"9.54","21.151"
"9.544","25.151"
"9.548","35.151"
"9.552","13.151"
"9.556","1.1507"
"9.56","'-8.8493"
"9.564","'-12.849"
"9.568","'-2.8493"
"9.572","'-22.849"
"9.576","'-52.849"
"9.58","'-34.849"
"9.584","'-44.849"
"9.588","'-38.849"
"9.592","'-18.849"
"9.596","'-38.849"
"9.6","'-36.849"
"9.604","'-24.849"
"9.608","'-26.849"
"9.612","'-16.849"
"9.616","'-40.849"
"9.62","'-42.849"
"9.624","'-28.849"
"9.628","'-26.849"
"9.632","'-36.849"
"9.636","'-36.849"
"9.64","'-18.849"
"9.644","5.1507"
"9.648","'-16.849"
"9.652","'-22.849"
"9.656","'-24.849"
"9.66","'-10.849"
"9.664","'-0.8493"
"9.668","27.151"
"9.672","53.151"
"9.676","145.15"
"9.68","327.15"
"9.684","481.15"
"9.688","619.15"
"9.692","727.15"
"9.696","727.15"
"9.7","489.15"
"9.704","159.15"
"9.708","'-114.85"
"9.712","'-316.85"
"9.716","'-356.85"
"9.72","'-292.85"
"9.724","'-224.85"
"9.728","'-178.85"
"9.732","'-138.85"
"9.736","'-130.85"
"9.74","'-132.85"
"9.744","'-162.85"
"9.748","'-118.85"
"9.752","'-122.85"
"9.756","'-96.849"
"9.76","'-92.849"
"9.764","'-60.849"
"9.768","'-66.849"
"9.772","'-66.849"
"9.776","'-60.849"
"9.78","'-68.849"
"9.784","'-62.849"
"9.788","'-34.849"
"9.792","'-40.849"
"9.796","'-22.849"
"9.8","'-6.8493"
"9.804","'-16.849"
"9.808","'-24.849"
"9.812","'-12.849"
"9.816","'-22.849"
"9.82","'-26.849"
"9.824","15.151"
"9.828","'-10.849"
"9.832","'-14.849"
"9.836","'-10.849"
"9.84","'-16.849"
"9.844","11.151"
"9.848","1.1507"
"9.852","17.151"
"9.856","11.151"
"9.86","21.151"
"9.864","'-4.8493"
"9.868","19.151"
"9.872","17.151"
"9.876","9.1507"
"9.88","15.151"
"9.884","29.151"
"9.888","17.151"
"9.892","27.151"
"9.896","29.151"
"9.9","23.151"
"9.904","27.151"
"9.908","45.151"
"9.912","37.151"
"9.916","35.151"
"9.92","21.151"
"9.924","25.151"
"9.928","35.151"
"9.932","33.151"
"9.936","51.151"
"9.94","37.151"
"9.944","37.151"
"9.948","23.151"
"9.952","65.151"
"9.956","43.151"
"9.96","37.151"
"9.964","45.151"
"9.968","23.151"
"9.972","43.151"
"9.976","33.151"
"9.98","37.151"
"9.984","21.151"
"9.988","19.151"
"9.992","11.151"
"9.996","5.1507"
"","793.15"
